Subject.ID,BMD,BMC,CenterRectX,CenterRectY,SEX,GENOTYPE,age,length,sac.weight,FL,ML,AP
181,0.0589,0.0191,95,322,M,WT,64,9.2,20.7,14.36,1.62,1.24
182,0.0663,0.0219,167,325,M,WT,64,9.2,21.3,14.28,1.72,1.25
183,0.0656,0.0197,208,326,M,MUT,64,9.1,21.3,14.4,1.51,1.17
184,0.0538,0.0156,247,326,M,HET,63,9,20.3,13.34,1.58,1.27
185,0.0607,0.0208,289,328,M,MUT,63,9,21,14.4,1.74,1.26
186,0.0597,0.0186,328,333,M,MUT,63,8.8,19.4,14.16,1.57,1.18
187,0.0613,0.0182,369,332,M,MUT,63,8.8,19.4,13.97,1.48,1.21
188,0.0521,0.0156,411,327,F,MUT,65,8.6,16.4,13.7,1.43,1.12
189,0.0602,0.0176,448,326,F,WT,65,9.1,17.8,13.71,1.52,1.2
190,0.0554,0.0165,97,198,F,WT,65,9,17.4,13.91,1.45,1.22
191,0.0544,0.0156,158,200,F,MUT,65,8.7,16.3,13.7,1.52,1.16
192,0.0472,0.0148,197,196,F,WT,63,8.8,16.4,13.18,1.61,1.11
193,0.0603,0.0197,234,198,M,WT,64,9.2,22.2,13.14,1.72,1.32
195,0.059,0.0249,272,198,M,WT,63,9.6,23,15.04,1.82,1.3
196,0.0666,0.0245,317,203,M,WT,63,9.4,23.2,14.82,1.75,1.3
197,0.0568,0.023,354,200,M,MUT,63,9.5,24.1,15.15,1.76,1.17
198,0.0584,0.0161,400,200,F,MUT,63,NA,18.1,13.8,1.44,1.1
199,0.0563,0.0175,441,205,F,MUT,64,9,18.6,14.45,1.65,1.04
200,0.0546,0.0172,81,328,F,HET,64,9.2,19.1,14.76,1.62,1.17
201,0.0593,0.0206,147,320,F,HET,64,9.4,20.9,14.73,1.73,1.2
202,0.0485,0.0167,188,318,F,MUT,64,9.2,18.8,14.51,1.57,1.11
203,0.0585,0.0224,238,320,M,HET,62,9.5,22.3,14.76,1.78,1.3
204,0.0537,0.0136,280,321,F,HET,62,9,18,12.67,1.58,1.17
205,0.0554,0.0169,323,321,F,WT,62,8.9,16.8,13.58,1.59,1.15
207,0.0602,0.0219,405,322,M,WT,60,9.2,22.5,14.41,1.8,1.29
208,0.0657,0.0211,445,322,M,HET,60,9.2,20.8,14.5,1.71,1.24
209,0.0619,0.019,80,200,M,WT,60,9.2,21.1,14.39,1.69,1.27
210,0.0615,0.0247,143,206,M,HET,60,9.4,23.4,14.91,1.89,1.28
211,0.0565,0.0203,183,204,M,HET,61,9.5,23.9,14.53,1.6,1.29
212,0.0559,0.0221,226,206,M,MUT,61,NA,21.9,14.79,1.69,1.3
213,0.0525,0.0193,269,204,M,HET,61,9.1,20.2,14.4,1.61,1.18
214,0.0554,0.0203,310,204,F,WT,62,9.4,19.8,14.78,1.71,1.24
215,0.0529,0.0208,358,204,F,HET,62,9.5,20.2,14.9,1.74,1.16
216,0.058,0.0201,398,204,F,HET,62,9.5,20.8,14.93,1.65,1.26
217,0.0518,0.0172,440,204,F,MUT,63,8.9,18.7,14.23,1.48,1.25
218,0.0634,0.0207,92,192,F,HET,63,9.2,18.7,13.9,1.53,1.26
219,0.0543,0.0183,162,204,F,WT,63,9.2,18,13.69,1.58,1.27
220,0.0551,0.0224,202,206,F,HET,63,8.7,16.6,14.03,1.53,1.22
221,0.059,0.0232,245,205,F,HET,63,8.8,17,14.09,1.46,1.18
222,0.0524,0.0194,290,199,F,MUT,63,8.4,16.2,13.75,1.53,1.14
223,0.054,0.0193,336,202,F,MUT,63,8.1,14.3,13.15,1.35,1.11
224,0.0564,0.0221,382,203,F,HET,63,8.7,16.2,13.63,1.61,1.15
225,0.0538,0.0164,424,203,M,HET,64,9.3,21.7,15.04,1.78,1.28
226,0.0675,0.0253,462,194,M,HET,64,9.2,20.7,14.68,1.65,1.25
227,0.0603,0.0164,91,311,M,MUT,64,9.4,23.7,14.94,1.71,1.27
229,0.0549,0.018,199,317,M,HET,61,9.6,25,14.9,1.8,1.23
230,0.0571,0.0167,240,311,M,HET,61,9.8,26,15.2,1.81,1.37
231,0.0532,0.0164,284,311,F,WT,62,9.3,19.3,14.5,1.67,1.27
232,0.0532,0.0128,328,311,F,MUT,62,9.5,20.8,14.88,1.67,1.23
233,0.056,0.0154,378,311,M,HET,59,9.6,22.8,15.12,1.76,1.26
235,0.0599,0.02,461,311,M,HET,59,9.5,24.3,14.95,1.9,1.28
236,0.0546,0.0165,85,310,F,HET,60,9.2,19.8,14.51,1.54,1.23
237,0.0531,0.0167,149,311,F,WT,60,9.2,17.6,13.86,1.64,1.18
238,0.0544,0.0163,196,311,F,WT,60,9,17.9,13.85,1.55,1.18
239,0.0516,0.0148,238,308,F,HET,60,9.2,18.7,13.19,1.57,1.2
240,0.0599,0.022,285,308,M,HET,58,9.4,23.1,14.12,1.73,1.27
241,0.0584,0.0216,325,305,M,HET,58,9.3,21.6,14.37,1.77,1.35
242,0.0587,0.0194,371,305,F,MUT,65,9.2,20.2,14.45,1.51,1.2
244,0.0508,0.0115,460,305,F,HET,65,8.6,13.8,12.54,1.42,1.12
245,0.0568,0.0175,87,186,M,WT,59,9.2,20.9,13.48,1.65,1.27
246,0.0638,0.0215,153,190,M,WT,59,9.3,22.4,13.96,1.79,1.31
247,0.0498,0.0158,194,188,F,HET,59,8.9,18.5,13.18,1.68,1.26
248,0.06,0.023,239,188,M,MUT,58,9.6,25.3,14.82,1.68,1.32
249,0.0579,0.0182,285,188,F,MUT,58,NA,17.9,14.1,1.58,1.21
250,0.0548,0.0166,331,189,F,MUT,58,8.9,17.8,14.16,1.55,1.21
251,0.0495,0.015,380,189,F,MUT,59,8.3,13.4,13.26,1.47,1.16
252,0.0563,0.0168,421,189,F,MUT,59,8.8,18.6,13.96,1.64,1.24
253,0.0607,0.0185,461,189,F,WT,59,9.3,19.4,14.58,1.58,1.26
254,0.0771,0.0264,92,312,M,WT,59,9.4,24.4,14.82,1.89,1.38
255,0.0637,0.0234,162,305,M,HET,59,9.4,24.7,14.83,1.7,1.31
256,0.0662,0.0238,203,306,M,WT,59,9.2,22.4,14.59,1.76,1.33
257,0.0683,0.025,248,308,M,HET,60,9.3,24.6,14.92,1.77,1.34
258,0.0536,0.0186,291,307,F,WT,60,9.1,19,14.29,1.61,1.22
259,0.0628,0.0233,340,306,M,WT,59,9.4,23.8,14.85,1.87,1.32
260,0.0591,0.0207,388,306,M,HET,59,9.2,21.7,14.72,1.69,1.3
261,0.0664,0.0244,426,303,M,WT,59,9.5,24.4,14.7,1.79,1.33
262,0.0652,0.0225,462,303,M,HET,60,9.4,22.5,14.86,1.79,1.26
263,0.0565,0.0191,95,172,M,WT,60,9.4,21.4,14.53,1.78,1.26
264,0.0619,0.0225,165,173,M,HET,60,9.4,22.6,14.69,1.72,1.32
265,0.0527,0.0177,206,173,F,WT,61,9.1,18.7,14.04,1.54,1.17
266,0.0487,0.0167,256,176,F,MUT,61,8.8,17.3,14.05,1.56,1.22
267,0.0595,0.0232,303,175,M,HET,57,9.3,22.4,14.58,1.71,1.32
268,0.0601,0.0201,346,175,M,MUT,57,9.1,21.1,13.84,1.67,NA
269,0.0533,0.0185,385,175,F,HET,64,9.2,18.7,14.47,1.58,1.19
