MOUSE.ID,SEX,GENOTYPE,age,length,sac.weight
87,F,HET,59,9.2,18.5
88,F,HET,59,8.9,17.5
89,F,HET,59,9.6,20.6
99,M,WT,65,9.6,21.5
100,M,HET,65,9.5,21.2
101,F,HET,65,9.2,19.3
102,F,HET,65,9.2,18.1
103,F,HET,65,9.1,19
104,F,HET,65,9.2,18.5
121,M,HET,63,9.5,21.4
122,M,WT,63,9.4,20.3
123,M,HET,63,9.7,23.1
124,M,HET,63,9.5,21.5
125,F,MUT,64,8.7,16.9
126,F,MUT,64,9.1,17.7
127,F,HET,64,9.3,18.4
128,F,WT,64,9.2,17.8
129,F,WT,61,9.2,17.3
130,M,HET,59,9.8,22.7
131,F,HET,61,9.3,18.5
132,M,MUT,59,9.3,21.2
133,M,HET,59,9.7,22.4
134,F,WT,62,9.5,18.9
135,F,WT,62,9.3,17.4
136,M,MUT,59,9.7,23.7
137,M,MUT,59,9.7,24.9
139,F,WT,61,9.4,19
140,F,HET,61,9.3,19.6
141,M,MUT,60,9.2,22.5
142,M,WT,60,9.6,22.3
143,F,WT,62,9.1,17.4
144,F,HET,62,9.1,18.5
145,F,WT,62,8.6,15.5
146,M,MUT,58,9.1,21
147,M,HET,58,9,20.6
148,M,HET,58,9.2,22.7
149,M,HET,58,9.2,22.3
150,M,MUT,58,9.2,23
151,F,WT,59,9,17.6
152,F,WT,59,8.9,18.2
153,F,WT,59,8.9,16.9
154,F,HET,59,8.8,17.2
155,M,MUT,55,8.9,20.4
156,M,MUT,55,8.1,15
157,M,HET,56,9.4,21.8
158,M,MUT,56,8.8,20.5
159,M,HET,56,9.3,21.6
160,M,HET,56,9.5,21.8
161,F,WT,57,9.2,17.7
162,F,WT,57,9,17
163,F,HET,57,8.8,16.6
164,F,MUT,57,8.6,15.8
165,M,WT,60,9.4,22.6
166,M,WT,60,9,19.7
167,M,WT,60,8.7,17.1
168,M,HET,60,8.8,20.3
169,M,HET,60,9,19.6
170,F,MUT,61,8.1,13.9
171,F,MUT,61,8.7,17
172,F,HET,61,8.9,18
173,M,HET,58,9.7,23.3
174,F,HET,57,8.8,17.1
175,F,WT,57,9.2,18.5
176,F,HET,57,9.2,19.7
177,F,HET,57,9.1,18.5
178,F,HET,57,9.1,17.5
179,M,WT,57,NA,18.5
180,F,HET,57,8.9,17.3
181,M,WT,64,9.2,20.7
182,M,WT,64,9.2,21.3
183,M,MUT,64,9.1,21.3
184,M,HET,63,9,20.3
185,M,MUT,63,9,21
186,M,MUT,63,8.8,19.4
187,M,MUT,63,8.8,19.4
188,F,MUT,65,8.6,16.4
189,F,WT,65,9.1,17.8
190,F,WT,65,9,17.4
191,F,MUT,65,8.7,16.3
192,F,WT,63,8.8,16.4
193,M,WT,64,9.2,22.2
194,M,HET,64,9.2,21.9
195,M,WT,63,9.6,23
196,M,WT,63,9.4,23.2
197,M,MUT,63,9.5,24.1
198,F,MUT,63,NA,18.1
199,F,MUT,64,9,18.6
200,F,HET,64,9.2,19.1
201,F,HET,64,9.4,20.9
202,F,MUT,64,9.2,18.8
203,M,HET,62,9.5,22.3
204,F,HET,62,9,18
205,F,WT,62,8.9,16.8
207,M,WT,60,9.2,22.5
208,M,HET,60,9.2,20.8
209,M,WT,60,9.2,21.1
210,M,HET,60,9.4,23.4
211,M,HET,61,9.5,23.9
212,M,MUT,61,NA,21.9
213,M,HET,61,9.1,20.2
214,F,WT,62,9.4,19.8
215,F,HET,62,9.5,20.2
216,F,HET,62,9.5,20.8
217,F,MUT,63,8.9,18.7
218,F,HET,63,9.2,18.7
219,F,WT,63,9.2,18
220,F,HET,63,8.7,16.6
221,F,HET,63,8.8,17
222,F,MUT,63,8.4,16.2
223,F,MUT,63,8.1,14.3
224,F,HET,63,8.7,16.2
225,M,HET,64,9.3,21.7
226,M,HET,64,9.2,20.7
227,M,MUT,64,9.4,23.7
229,M,HET,61,9.6,25
230,M,HET,61,9.8,26
231,F,WT,62,9.3,19.3
232,F,MUT,62,9.5,20.8
233,M,HET,59,9.6,22.8
235,M,HET,59,9.5,24.3
236,F,HET,60,9.2,19.8
237,F,WT,60,9.2,17.6
238,F,WT,60,9,17.9
239,F,HET,60,9.2,18.7
240,M,HET,58,9.4,23.1
241,M,HET,58,9.3,21.6
242,F,MUT,65,9.2,20.2
244,F,HET,65,8.6,13.8
245,M,WT,59,9.2,20.9
246,M,WT,59,9.3,22.4
247,F,HET,59,8.9,18.5
248,M,MUT,58,9.6,25.3
249,F,MUT,58,NA,17.9
250,F,MUT,58,8.9,17.8
251,F,MUT,59,8.3,13.4
252,F,MUT,59,8.8,18.6
253,F,WT,59,9.3,19.4
254,M,WT,59,9.4,24.4
255,M,HET,59,9.4,24.7
256,M,WT,59,9.2,22.4
257,M,HET,60,9.3,24.6
258,F,WT,60,9.1,19
259,M,WT,59,9.4,23.8
260,M,HET,59,9.2,21.7
261,M,WT,59,9.5,24.4
262,M,HET,60,9.4,22.5
263,M,WT,60,9.4,21.4
264,M,HET,60,9.4,22.6
265,F,WT,61,9.1,18.7
266,F,MUT,61,8.8,17.3
267,M,HET,57,9.3,22.4
268,M,MUT,57,9.1,21.1
269,F,HET,64,9.2,18.7
270,F,WT,64,9.3,18.9
286,M,MUT,65,9.2,23.8
293,M,MUT,65,9.3,22.5
299,M,MUT,64,8.6,17.4
