MOUSE.ID,SEX,GENOTYPE,age,length,sac.weight,FL,ML,AP
88,F,HET,59,8.9,17.5,14.11,1.5,1.16
89,F,HET,59,9.6,20.6,NA,1.77,1.27
99,M,WT,65,9.6,21.5,14.73,1.85,1.18
100,M,HET,65,9.5,21.2,14.62,1.7,1.1
101,F,HET,65,9.2,19.3,14.42,1.71,1.04
102,F,HET,65,9.2,18.1,14.1,1.6,1.12
103,F,HET,65,9.1,19,14.54,1.63,1.08
104,F,HET,65,9.2,18.5,14.36,1.54,0.99
121,M,HET,63,9.5,21.4,14.81,1.71,1.25
122,M,WT,63,9.4,20.3,14.49,1.7,1.15
123,M,HET,63,9.7,23.1,NA,1.93,1.26
124,M,HET,63,9.5,21.5,15.07,1.78,1.25
125,F,MUT,64,8.7,16.9,14.05,1.49,1.13
126,F,MUT,64,9.1,17.7,14.29,1.61,1.13
127,F,HET,64,9.3,18.4,14.46,1.73,1.2
128,F,WT,64,9.2,17.8,14.1,1.6,1.18
129,F,WT,61,9.2,17.3,14.07,1.65,1.09
130,M,HET,59,9.8,22.7,14.78,1.88,1.17
131,F,HET,61,9.3,18.5,13,1.57,1.12
132,M,MUT,59,9.3,21.2,NA,1.65,1.13
133,M,HET,59,9.7,22.4,14.7,1.84,1.26
134,F,WT,62,9.5,18.9,14.43,1.76,1.21
135,F,WT,62,9.3,17.4,14.05,1.68,1.12
136,M,MUT,59,9.7,23.7,14.77,1.61,1.2
137,M,MUT,59,9.7,24.9,NA,1.82,1.22
139,F,WT,61,9.4,19,14.56,1.67,1.18
140,F,HET,61,9.3,19.6,NA,1.54,1.2
141,M,MUT,60,9.2,22.5,NA,1.74,1.23
142,M,WT,60,9.6,22.3,14.73,1.76,1.26
143,F,WT,62,9.1,17.4,14.18,1.66,1.14
144,F,HET,62,9.1,18.5,NA,1.63,1.2
145,F,WT,62,8.6,15.5,13.47,1.58,1.2
146,M,MUT,58,9.1,21,14.25,1.49,1.18
147,M,HET,58,9,20.6,NA,1.59,1.22
148,M,HET,58,9.2,22.7,14.33,1.66,1.23
149,M,HET,58,9.2,22.3,14.36,1.61,1.22
150,M,MUT,58,9.2,23,14.14,1.63,1.23
151,F,WT,59,9,17.6,13.91,1.55,1.19
152,F,WT,59,8.9,18.2,14,1.57,1.2
153,F,WT,59,8.9,16.9,13.6,1.52,1.15
154,F,HET,59,8.8,17.2,14,1.46,1.18
155,M,MUT,55,8.9,20.4,NA,1.56,1.17
156,M,MUT,55,8.1,15,12.95,1.46,1.07
157,M,HET,56,9.4,21.8,14.61,1.81,1.23
158,M,MUT,56,8.8,20.5,13.8,1.56,1.17
159,M,HET,56,9.3,21.6,14.65,1.75,1.16
160,M,HET,56,9.5,21.8,14.15,1.72,1.2
161,F,WT,57,9.2,17.7,14.29,1.62,1.2
162,F,WT,57,9,17,13.87,1.52,1.15
163,F,HET,57,8.8,16.6,13.7,1.55,1.15
164,F,MUT,57,8.6,15.8,13.72,1.56,1.05
165,M,WT,60,9.4,22.6,14.63,1.85,1.26
166,M,WT,60,9,19.7,14.25,1.6,1.19
167,M,WT,60,8.7,17.1,13.73,1.45,1.1
168,M,HET,60,8.8,20.3,14.45,1.65,1.27
169,M,HET,60,9,19.6,NA,1.62,1.19
170,F,MUT,61,8.1,13.9,12.86,1.47,1.16
171,F,MUT,61,8.7,17,13.73,1.56,1.14
172,F,HET,61,8.9,18,14,1.5,1.23
173,M,HET,58,9.7,23.3,15.16,1.77,1.17
174,F,HET,57,8.8,17.1,13.95,1.57,1.15
175,F,WT,57,9.2,18.5,14.33,1.6,1.2
176,F,HET,57,9.2,19.7,14.69,1.7,1.22
177,F,HET,57,9.1,18.5,14.37,1.62,1.19
178,F,HET,57,9.1,17.5,14.32,1.62,1.15
179,M,WT,57,NA,18.5,13.41,1.91,1.2
180,F,HET,57,8.9,17.3,12.9,1.66,1.18
181,M,WT,64,9.2,20.7,14.36,1.62,1.24
182,M,WT,64,9.2,21.3,14.28,1.72,1.25
183,M,MUT,64,9.1,21.3,14.4,1.51,1.17
184,M,HET,63,9,20.3,NA,1.58,1.27
185,M,MUT,63,9,21,14.4,1.74,1.26
186,M,MUT,63,8.8,19.4,14.16,1.57,1.18
187,M,MUT,63,8.8,19.4,13.97,1.48,1.21
188,F,MUT,65,8.6,16.4,13.7,1.43,1.12
189,F,WT,65,9.1,17.8,13.71,1.52,1.2
190,F,WT,65,9,17.4,13.91,1.45,1.22
191,F,MUT,65,8.7,16.3,13.7,1.52,1.16
192,F,WT,63,8.8,16.4,13.18,1.61,1.11
193,M,WT,64,9.2,22.2,NA,1.72,1.32
195,M,WT,63,9.6,23,15.04,1.82,1.3
196,M,WT,63,9.4,23.2,14.82,1.75,1.3
197,M,MUT,63,9.5,24.1,15.15,1.76,1.17
198,F,MUT,63,NA,18.1,13.8,1.44,1.1
199,F,MUT,64,9,18.6,14.45,1.65,1.04
200,F,HET,64,9.2,19.1,14.76,1.62,1.17
201,F,HET,64,9.4,20.9,14.73,1.73,1.2
202,F,MUT,64,9.2,18.8,14.51,1.57,1.11
203,M,HET,62,9.5,22.3,14.76,1.78,1.3
204,F,HET,62,9,18,NA,1.58,1.17
205,F,WT,62,8.9,16.8,13.58,1.59,1.15
207,M,WT,60,9.2,22.5,14.41,1.8,1.29
208,M,HET,60,9.2,20.8,14.5,1.71,1.24
209,M,WT,60,9.2,21.1,14.39,1.69,1.27
210,M,HET,60,9.4,23.4,14.91,1.89,1.28
211,M,HET,61,9.5,23.9,14.53,1.6,1.29
212,M,MUT,61,NA,21.9,14.79,1.69,1.3
213,M,HET,61,9.1,20.2,14.4,1.61,1.18
214,F,WT,62,9.4,19.8,14.78,1.71,1.24
215,F,HET,62,9.5,20.2,14.9,1.74,1.16
216,F,HET,62,9.5,20.8,14.93,1.65,1.26
217,F,MUT,63,8.9,18.7,14.23,1.48,1.25
218,F,HET,63,9.2,18.7,13.9,1.53,1.26
219,F,WT,63,9.2,18,13.69,1.58,1.27
220,F,HET,63,8.7,16.6,14.03,1.53,1.22
221,F,HET,63,8.8,17,14.09,1.46,1.18
222,F,MUT,63,8.4,16.2,13.75,1.53,1.14
223,F,MUT,63,8.1,14.3,13.15,1.35,1.11
224,F,HET,63,8.7,16.2,13.63,1.61,1.15
225,M,HET,64,9.3,21.7,15.04,1.78,1.28
226,M,HET,64,9.2,20.7,14.68,1.65,1.25
227,M,MUT,64,9.4,23.7,14.94,1.71,1.27
229,M,HET,61,9.6,25,14.9,1.8,1.23
230,M,HET,61,9.8,26,15.2,1.81,1.37
231,F,WT,62,9.3,19.3,14.5,1.67,1.27
232,F,MUT,62,9.5,20.8,14.88,1.67,1.23
233,M,HET,59,9.6,22.8,15.12,1.76,1.26
235,M,HET,59,9.5,24.3,14.95,1.9,1.28
236,F,HET,60,9.2,19.8,14.51,1.54,1.23
237,F,WT,60,9.2,17.6,13.86,1.64,1.18
238,F,WT,60,9,17.9,13.85,1.55,1.18
239,F,HET,60,9.2,18.7,13.19,1.57,1.2
240,M,HET,58,9.4,23.1,14.12,1.73,1.27
241,M,HET,58,9.3,21.6,14.37,1.77,1.35
242,F,MUT,65,9.2,20.2,14.45,1.51,1.2
244,F,HET,65,8.6,13.8,12.54,1.42,1.12
245,M,WT,59,9.2,20.9,13.48,1.65,1.27
246,M,WT,59,9.3,22.4,13.96,1.79,1.31
247,F,HET,59,8.9,18.5,13.18,1.68,1.26
248,M,MUT,58,9.6,25.3,14.82,1.68,1.32
249,F,MUT,58,NA,17.9,14.1,1.58,1.21
250,F,MUT,58,8.9,17.8,14.16,1.55,1.21
251,F,MUT,59,8.3,13.4,13.26,1.47,1.16
252,F,MUT,59,8.8,18.6,13.96,1.64,1.24
253,F,WT,59,9.3,19.4,14.58,1.58,1.26
254,M,WT,59,9.4,24.4,14.82,1.89,1.38
255,M,HET,59,9.4,24.7,14.83,1.7,1.31
256,M,WT,59,9.2,22.4,14.59,1.76,1.33
257,M,HET,60,9.3,24.6,14.92,1.77,1.34
258,F,WT,60,9.1,19,14.29,1.61,1.22
259,M,WT,59,9.4,23.8,14.85,1.87,1.32
260,M,HET,59,9.2,21.7,14.72,1.69,1.3
261,M,WT,59,9.5,24.4,14.7,1.79,1.33
262,M,HET,60,9.4,22.5,14.86,1.79,1.26
263,M,WT,60,9.4,21.4,14.53,1.78,1.26
264,M,HET,60,9.4,22.6,14.69,1.72,1.32
265,F,WT,61,9.1,18.7,14.04,1.54,1.17
266,F,MUT,61,8.8,17.3,14.05,1.56,1.22
267,M,HET,57,9.3,22.4,14.58,1.71,1.32
268,M,MUT,57,9.1,21.1,13.84,1.67,NA
269,F,HET,64,9.2,18.7,14.47,1.58,1.19
286,M,MUT,65,9.2,23.8,14.57,1.64,1.32
293,M,MUT,65,9.3,22.5,14.8,1.74,1.33
299,M,MUT,64,8.6,17.4,13.45,1.48,1.17
